Workbook

Sheet Sheet1
A1: ID | B1: Source | D1: Authors | E1: Year | F1: Venue | G1: Study_Type | H1: LLM_Tool | I1: Exam_Type | J1: Main_Finding (open coding) | K1: Relevance | L1: Finding_Theme (axial coding)
A2: 1 | B2: WoS | C2: Computer Science Education in ChatGPT Era: Experiences from a Course Design Perspective | D2: Ostojic, Dragana; Liu, Yu David; Mernik, Marjan | E2: 2024 | F2: MATHEMATICS | G2: Experiment | H2: ChatGPT only | I2: MIXED | J2: ChatGPT did not significantly affect students’ performance in practical assignments, midterm exams, or final grades when assessment methods were adjusted (e.g., assignment defense, paper-based exams). | K2: High | L2: Feedback & Assessment Design
A3: 2 | B3: WoS | C3: Students' Perceptions and Preferences of Generative Artificial Intelligence | D3: Zhang, Zhengdong; Dong, Zihan; Shi, Yang; F | E3: 2024 | F3: THIRTY-EIGTH AAAI CONFERENCE ON ARTIFICIAL INTELLIGENCE, VOL 38 NO 21 | G3: Survey | H3: ChatGPT only | I3: LAB - Laboratory work | J3: Students perceived ChatGPT-generated feedback as largely aligning with formative feedback guidelines and preferred feedback that included their code due to its higher specificity, clarity, and corrective nature. | K3: Medium | L3: Feedback & Assessment Design
A4: 3 | B4: WoS | C4: ChatGPT in Computer Science Education: A Case Study on a Course | D4: Lopez-Fernandez, Daniel; Vergaz, Ricardo | E4: 2025 | F4: APPLIED SCIENCES-BASEL | G4: Mixed | H4: ChatGPT only | I4: MIXED | J4: ChatGPT usage was positively correlated with student performance in a practical exam, with higher-performing students using it more effectively, while prior knowledge significantly influenced successful use. | K4: High | L4: Performance & Productivity
A5: 4 | B5: IEEE | C5: Students' Perspectives on AI Code Completion: Benefits and Challenges | D5: Takeringsaksiri, Wannita; Warusavitarne, Cles | E5: 2024 | F5: 2024 IEEE 48th Annual Computers, Software, and Applications Conference (COMPSAC) | G5: Qualitative Study | H5: Generic LLM / Unspecified | I5: INL - Individual assignment | J5: AI code completion improves student productivity and acts as a coding tutor, but over-reliance leads to shallow understanding, reduced problem-solving skills, and concerns about assessment validity. | K5: Medium | L5: Overreliance & Skill Loss
A6: 5 | B6: IEEE | C6: Evaluating the Impact of Assistive AI Tools on Learning Outcomes | D6: Park, Seong Min; Ho, Marco; Lin, Michael Pin | E6: 2025 | F6: 2025 IEEE Global Engineering Education Conference (EDUCON) | G6: Experiment | H6: GitHub Copilot only | I6: MIXED | J6: GitHub Copilot improves productivity in routine coding tasks but performs poorly in complex low-level programming, while AI-free assessments reveal significant declines in student performance, indicating dependency that hinders independent problem-solving. | K6: High | L6: Overreliance & Skill Loss
A7: 6 | B7: Scopus | C7: Using Generative AI to Create User Stories in the Software Engineering Classroom | D7: Brockenbrough, Allan; Salinas, Dominic | E7: 2024 | F7: International Journal of Engineering Education | G7: Experiment | H7: ChatGPT only | I7: INL - Individual assignment | J7: AI-assisted students produced higher-quality user stories (≈17% improvement) and completed tasks faster (≈38%), but ChatGPT struggled with grouping related feedback and generating proper Definitions of Done, requiring students to critically review and revise AI outputs. | K7: Low-Medium | L7: Performance & Productivity
A8: 7 | B8: IEEE | C8: Analysis of Student-LLM Interaction in a Software Engineering Named | D8: Naman, Agrawal; Shariffdeen, Ridwan; Wang | E8: 2025 | F8: 2025 IEEE/ACM International Workshop on Large Language Models for Code (LLM4Code) | G8: Case study | H8: Generic LLM / Unspecified | I8: PRO - Group project | J8: Students primarily used LLMs for code generation and implementation tasks, with interaction patterns evolving over time as prompting skills improved. Conversational interaction with ChatGPT enabled iterative refinement, producing more concise and usable code, while AI-generated code often required human modification and could introduce unnecessary complexity. | K8: Medium | L8: Performance & Productivity
A9: 8 | B9: IEEE | C9: Students' Perception of ChatGPT in Software Engineering: Lessons Learned | D9: Baresi, Luciano; De Lucia, Andrea; Di Marco | E9: 2025 | F9: 2025 IEEE/ACM 37th International Conference on Software Engineering Education and Training (CSEE&T) | G9: Mixed | H9: ChatGPT only | I9: PRO - Group project | J9: Students perceive LLMs as most useful for low-level software development tasks such as coding, debugging, testing, and documentation, where they improve productivity and learning. However, LLMs are considered less effective for high-level tasks like requirements analysis, modeling, and architecture, mainly due to lack of contextual understanding and abstraction capabilities. Students also face challenges in prompt design, interaction, and adapting LLM outputs to their specific project context. | K9: High | L9: Overreliance & Skill Loss
A10: 9 | B10: IEEE | C10: Insights from the Frontline: GenAI Utilization Among Software Engineers | D10: Choudhuri, Rudrajit; Ramakrishnan, Ambaree | E10: 2025 | F10: 2025 IEEE/ACM 37th International Conference on Software Engineering Education and Training (CSEE&T) | G10: Qualitative Study | H10: Multiple tools | I10: PRO - Group project | J10: Students use LLMs across different stages of software engineering learning and implementation, with benefits mainly in incremental learning and initial implementation (e.g., understanding concepts, generating code, and getting guidance). However, LLMs create significant challenges for beginners and advanced tasks, including difficulties in prompting, verifying outputs, aligning AI with context, and understanding underlying reasoning. These challenges lead to negative impacts on learning, task performance, confidence, and willingness to adopt LLMs. | K10: Medium | L10: Overreliance & Skill Loss
A11: 10 | B11: IEEE | C11: Exploring the Integration of Generative AI Tools in Software Testing Education | D11: Halder, Susmita; Pierce, Mary; Fernando Cap | E11: 2025 | F11: IEEE Access | G11: Mixed | H11: Multiple tools | I11: PRO - Group project | J11: LLM tools significantly speed up the creation of testing artifacts and support learning, but cannot replace manual testing. Human oversight is required due to limitations such as missing features, hallucinations, and incomplete coverage. | K11: Very High | L11: Performance & Productivity
A12: 11 | B12: Scopus | C12: Cultivating Software Quality Improvement in the Classroom | D12: AlOmar, Eman Abdullah; Mkaouer, Mohamed | E12: 2024 | F12: 2024 36th International Conference on Software Engineering Education and Training (CSEE&T) | G12: Mixed | H12: ChatGPT only | I12: INL - Individual assignment | J12: ChatGPT helps students resolve software quality issues and improves debugging efficiency (85.9% found it useful), but struggles with complex design problems (e.g., God Class) due to context limitations, requiring critical evaluation and human oversight. | K12: High | L12: Performance & Productivity
A13: 12 | B13: IEEE | C13: Enhancing User Story Generation in Agile Software Development | D13: Ramasamy, Vijayalakshmi; Ramamoorthy, Su | E13: 2024 | F13: 2024 IEEE Frontiers in Education Conference (FIE) | G13: Experiment | H13: ChatGPT only | I13: PRO - Group project | J13: AI and prompt engineering improve user story quality, completeness, and creativity, and enhance students’ problem-solving and real-world readiness, but effectiveness depends on prompt quality. | K13: Low-Medium | L13: Feedback & Assessment Design
... A52: 788 | B52: BACKWARD SNOWBALLING | C52: Quack the Code: A Computer Game Show Offers Learning Through LLMs | D52: James Prather; Brent N Reeves; Juho Leinon | E52: 2024 | F52: Proceedings of the 2024 ACM Conference on International Computing Education Research - Volume 1 | G52: Qualitative Study | H52: Generic LLM / Unspecified | I52: LAB - Laboratory work | J52: Generative AI creates a widening gap between students: stronger students use it to accelerate problem-solving effectively, while struggling students experience increased metacognitive difficulties, over-reliance, and an illusion of competence, often without real understanding. | K52: Medium | L52: Overreliance & Skill Loss

Sheet Sheet2
A1: Distribution of Research Methodologies
A2: Category | B2: Count | C2: %
A3: Mixed | B3: =COUNTIF(Sheet1!$G:$G,$A3) -> 25 | C3: =B3/B9 -> 0.49019608
A4: Experiment | B4: =COUNTIF(Sheet1!$G:$G,$A4) -> 12 | C4: =B4/B9 -> 0.23529412
A5: Survey | B5: =COUNTIF(Sheet1!$G:$G,$A5) -> 4 | C5: =B5/B9 -> 0.078431373
A6: Case study | B6: =COUNTIF(Sheet1!$G:$G,$A6) -> 2 | C6: =B6/B9 -> 0.039215686
A7: Qualitative study | B7: =COUNTIF(Sheet1!$G:$G,$A7) -> 7 | C7: =B7/B9 -> 0.1372549
A8: Empirical study | B8: =COUNTIF(Sheet1!$G:$G,$A8) -> 1 | C8: =B8/B9 -> 0.019607843
A9: TOTAL | B9: =SUM(B3:B8) -> 51 | C9: 100.0%
A11: LLM Tool Usage Distribution
A12: Category | B12: Count | C12: %
A13: ChatGPT only | B13: =COUNTIF(Sheet1!$H:$H,$A13) -> 23 | C13: =B13/B18 -> 0.45098039
A14: Multiple tools | B14: =COUNTIF(Sheet1!$H:$H,$A14) -> 10 | C14: =B14/B18 -> 0.19607843
A15: Generic LLM / Unspecified | B15: =COUNTIF(Sheet1!$H:$H,$A15) -> 8 | C15: =B15/B18 -> 0.15686275
A16: Custom / Specialized tool | B16: =COUNTIF(Sheet1!$H:$H,$A16) -> 7 | C16: =B16/B18 -> 0.1372549
A17: GitHub Copilot only | B17: =COUNTIF(Sheet1!$H:$H,$A17) -> 3 | C17: =B17/B18 -> 0.058823529
A18: TOTAL | B18: =SUM(B13:B17) -> 51 | C18: 100.0%
A20: Distribution of Examination Types
A21: Category | B21: Count | C21: %
A22: INL - Individual assignment | B22: =COUNTIF(Sheet1!$I:$I,$A22) -> 13 | C22: =B22/B28 -> 0.25490196
A23: PRO - Group project | B23: =COUNTIF(Sheet1!$I:$I,$A23) -> 12 | C23: =B23/B28 -> 0.23529412
A24: LAB - Laboratory work | B24: =COUNTIF(Sheet1!$I:$I,$A24) -> 11 | C24: =B24/B28 -> 0.21568627
A25: MIXED | B25: =COUNTIF(Sheet1!$I:$I,$A25) -> 12 | C25: =B25/B28 -> 0.23529412
A26: SEM - Seminar preparation | B26: =COUNTIF(Sheet1!$I:$I,$A26) -> 1 | C26: =B26/B28 -> 0.019607843
A27: Other | B27: =COUNTIF(Sheet1!$I:$I,$A27) -> 2 | C27: =B27/B28 -> 0.039215686
A28: TOTAL | B28: =SUM(B22:B27) -> 51 | C28: 100.0%
A31: Distribution of Identified Finding Themes
A32: Category | B32: Count | C32: %
A33: Overreliance & Skill Loss | B33: =COUNTIF(Sheet1!L:L,"Overreliance & Skill Loss") -> 20 | C33: =B33/B38 -> 0.39215686
A34: Performance & Productivity | B34: =COUNTIF(Sheet1!L:L,"Performance & Productivity") -> 14 | C34: =B34/B38 -> 0.2745098
A35: Feedback & Assessment Design | B35: =COUNTIF(Sheet1!L:L,"Feedback & Assessment Design") -> 13 | C35: =B35/B38 -> 0.25490196
A36: Collaboration & Workflow | B36: =COUNTIF(Sheet1!L:L,"Collaboration & Workflow") -> 3 | C36: =B36/B38 -> 0.058823529
A37: Academic Integrity | B37: =COUNTIF(Sheet1!L:L,"Academic Integrity") -> 1 | C37: =B37/B38 -> 0.019607843
A38: TOTAL | B38: =SUM(B33:B37) -> 51 | C38: 100.0%

Sheet Sheet3
A1: Relationship Between Finding Themes and Examination Types
A2: Finding Theme | B2: INL - Individual assignment | C2: LAB - Laboratory work | D2: PRO - Group project | E2: MIXED | F2: SEM - Seminar preparation | G2: Other | H2: TOTAL
A3: Performance & Productivity | B3: =COUNTIFS(Sheet1!$I:$I,B$2,Sheet1!$L:$L,$A3) -> 6 | C3: =COUNTIFS(Sheet1!$I:$I,C$2,Sheet1!$L:$L,$A3) -> 1 | D3: =COUNTIFS(Sheet1!$I:$I,D$2,Sheet1!$L:$L,$A3) -> 4 | E3: =COUNTIFS(Sheet1!$I:$I,E$2,Sheet1!$L:$L,$A3) -> 3 | F3: =COUNTIFS(Sheet1!$I:$I,F$2,Sheet1!$L:$L,$A3) -> 0 | G3: =COUNTIFS(Sheet1!$I:$I,G$2,Sheet1!$L:$L,$A3) -> 0 | H3: =SUM(B3:G3) -> 14
A4: Overreliance & Skill Loss | B4: =COUNTIFS(Sheet1!$I:$I,B$2,Sheet1!$L:$L,$A4) -> 3 | C4: =COUNTIFS(Sheet1!$I:$I,C$2,Sheet1!$L:$L,$A4) -> 9 | D4: =COUNTIFS(Sheet1!$I:$I,D$2,Sheet1!$L:$L,$A4) -> 3 | E4: =COUNTIFS(Sheet1!$I:$I,E$2,Sheet1!$L:$L,$A4) -> 4 | F4: =COUNTIFS(Sheet1!$I:$I,F$2,Sheet1!$L:$L,$A4) -> 1 | G4: =COUNTIFS(Sheet1!$I:$I,G$2,Sheet1!$L:$L,$A4) -> 0 | H4: =SUM(B4:G4) -> 20
A5: Feedback & Assessment Design | B5: =COUNTIFS(Sheet1!$I:$I,B$2,Sheet1!$L:$L,$A5) -> 4 | C5: =COUNTIFS(Sheet1!$I:$I,C$2,Sheet1!$L:$L,$A5) -> 1 | D5: =COUNTIFS(Sheet1!$I:$I,D$2,Sheet1!$L:$L,$A5) -> 3 | E5: =COUNTIFS(Sheet1!$I:$I,E$2,Sheet1!$L:$L,$A5) -> 4 | F5: =COUNTIFS(Sheet1!$I:$I,F$2,Sheet1!$L:$L,$A5) -> 0 | G5: =COUNTIFS(Sheet1!$I:$I,G$2,Sheet1!$L:$L,$A5) -> 1 | H5: =SUM(B5:G5) -> 13
A6: Collaboration & Workflow | B6: =COUNTIFS(Sheet1!$I:$I,B$2,Sheet1!$L:$L,$A6) -> 0 | C6: =COUNTIFS(Sheet1!$I:$I,C$2,Sheet1!$L:$L,$A6) -> 0 | D6: =COUNTIFS(Sheet1!$I:$I,D$2,Sheet1!$L:$L,$A6) -> 2 | E6: =COUNTIFS(Sheet1!$I:$I,E$2,Sheet1!$L:$L,$A6) -> 0 | F6: =COUNTIFS(Sheet1!$I:$I,F$2,Sheet1!$L:$L,$A6) -> 0 | G6: =COUNTIFS(Sheet1!$I:$I,G$2,Sheet1!$L:$L,$A6) -> 1 | H6: =SUM(B6:G6) -> 3
A7: Academic Integrity | B7: =COUNTIFS(Sheet1!$I:$I,B$2,Sheet1!$L:$L,$A7) -> 0 | C7: =COUNTIFS(Sheet1!$I:$I,C$2,Sheet1!$L:$L,$A7) -> 0 | D7: =COUNTIFS(Sheet1!$I:$I,D$2,Sheet1!$L:$L,$A7) -> 0 | E7: =COUNTIFS(Sheet1!$I:$I,E$2,Sheet1!$L:$L,$A7) -> 1 | F7: =COUNTIFS(Sheet1!$I:$I,F$2,Sheet1!$L:$L,$A7) -> 0 | G7: =COUNTIFS(Sheet1!$I:$I,G$2,Sheet1!$L:$L,$A7) -> 0 | H7: =SUM(B7:G7) -> 1
A8: TOTAL | B8: =SUM(B3:B7) -> 13 | C8: =SUM(C3:C7) -> 11 | D8: =SUM(D3:D7) -> 12 | E8: =SUM(E3:E7) -> 12 | F8: =SUM(F3:F7) -> 1 | G8: =SUM(G3:G7) -> 2 | H8: =SUM(H3:H7) -> 51
A12: Prepared Dataset for Bubble Chart Visualization
A13: Exam_Type | B13: Finding_Theme | C13: Count | D13: X | E13: Y
A14: INL - Individual assignment | B14: Performance & Productivity | C14: 6 | D14: 1 | E14: 1
A15: INL - Individual assignment | B15: Overreliance & Skill Loss | C15: 3 | D15: 1 | E15: 2
A16: INL - Individual assignment | B16: Feedback & Assessment Design | C16: 4 | D16: 1 | E16: 3
A17: LAB - Laboratory work | B17: Performance & Productivity | C17: 1 | D17: 2 | E17: 1
A18: LAB - Laboratory work | B18: Overreliance & Skill Loss | C18: 9 | D18: 2 | E18: 2
A19: LAB - Laboratory work | B19: Feedback & Assessment Design | C19: 1 | D19: 2 | E19: 3
A20: PRO - Group project | B20: Performance & Productivity | C20: 4 | D20: 3 | E20: 1
A21: PRO - Group project | B21: Overreliance & Skill Loss | C21: 3 | D21: 3 | E21: 2
A22: PRO - Group project | B22: Feedback & Assessment Design | C22: 3 | D22: 3 | E22: 3
A23: PRO - Group project | B23: Collaboration & Workflow | C23: 2 | D23: 3 | E23: 4
A24: MIXED | B24: Performance & Productivity | C24: 3 | D24: 4 | E24: 1
A25: MIXED | B25: Overreliance & Skill Loss | C25: 4 | D25: 4 | E25: 2
... A30: Other | B30: Collaboration & Workflow | C30: 1 | D30: 6 | E30: 4

Sheet Sheet4
A1: Relationship Between LLM Tools and Examination Types
A2: Count of Title | B2: Column Labels
A3: Row Labels | B3: INL - Individual assignment | C3: LAB - Laboratory work | D3: MIXED | E3: Other | F3: PRO - Group project | G3: SEM - Seminar preparation | H3: Grand Total
A4: ChatGPT only | B4: 4 | C4: 8 | D4: 5 | E4: 1 | F4: 4 | G4: 1 | H4: 23
A5: Custom / Specialized tool | B5: 3 | C5: 1 | D5: 2 | E5: 1 | H5: 7
A6: Generic LLM / Unspecified | B6: 2 | C6: 1 | D6: 3 | F6: 2 | H6: 8
A7: GitHub Copilot only | B7: 1 | C7: 1 | D7: 1 | H7: 3
A8: Multiple tools | B8: 3 | D8: 1 | F8: 6 | H8: 10
A9: Grand Total | B9: 13 | C9: 11 | D9: 12 | E9: 2 | F9: 12 | G9: 1 | H9: 51
A23: Relationship Between LLM Tools and Finding Themes
A24: Count of Title | B24: Column Labels
A25: Row Labels | B25: Academic Integrity | C25: Collaboration & Workflow | D25: Feedback & Assessment Design | E25: Overreliance & Skill Loss | F25: Performance & Productivity | G25: Grand Total
A26: ChatGPT only | B26: 1 | C26: 1 | D26: 6 | E26: 10 | F26: 5 | G26: 23
A27: Custom / Specialized tool | D27: 3 | E27: 2 | F27: 2 | G27: 7
A28: Generic LLM / Unspecified | D28: 2 | E28: 4 | F28: 2 | G28: 8
A29: GitHub Copilot only | E29: 3 | G29: 3
A30: Multiple tools | C30: 2 | D30: 2 | E30: 1 | F30: 5 | G30: 10
A31: Grand Total | B31: 1 | C31: 3 | D31: 13 | E31: 20 | F31: 14 | G31: 51
